{
  "lastUpdated": "2026-02-04T11:40:30.832Z",
  "productUrl": "https://www.microcenter.com/product/688173/apple-mac-mini-mu9d3ll-a-(late-2024)-desktop-computer",
  "stores": [
    {
      "storeName": "AZ - Phoenix",
      "storeId": "205",
      "price": "",
      "stockText": "Unknown",
      "available": false,
      "count": 0
    },
    {
      "storeName": "CA - Tustin",
      "storeId": "101",
      "price": "",
      "stockText": "Unknown",
      "available": false,
      "count": 0
    },
    {
      "storeName": "CO - Denver",
      "storeId": "181",
      "price": "",
      "stockText": "Unknown",
      "available": false,
      "count": 0
    },
    {
      "storeName": "GA - Duluth",
      "storeId": "065",
      "price": "",
      "stockText": "12 NEW IN STOCK",
      "available": true,
      "count": 12
    },
    {
      "storeName": "GA - Marietta",
      "storeId": "041",
      "price": "",
      "stockText": "15 NEW IN STOCK",
      "available": true,
      "count": 15
    },
    {
      "storeName": "IL - Chicago",
      "storeId": "151",
      "price": "",
      "stockText": "Unknown",
      "available": false,
      "count": 0
    },
    {
      "storeName": "IL - Westmont",
      "storeId": "025",
      "price": "",
      "stockText": "9 NEW IN STOCK",
      "available": true,
      "count": 9
    },
    {
      "storeName": "KS - Overland Park",
      "storeId": "191",
      "price": "",
      "stockText": "20 NEW IN STOCK",
      "available": true,
      "count": 20
    },
    {
      "storeName": "MA - Cambridge",
      "storeId": "121",
      "price": "",
      "stockText": "Unknown",
      "available": false,
      "count": 0
    },
    {
      "storeName": "MD - Rockville",
      "storeId": "085",
      "price": "",
      "stockText": "Unknown",
      "available": false,
      "count": 0
    },
    {
      "storeName": "MD - Parkville",
      "storeId": "125",
      "price": "",
      "stockText": "12 NEW IN STOCK",
      "available": true,
      "count": 12
    },
    {
      "storeName": "MI - Madison Heights",
      "storeId": "055",
      "price": "",
      "stockText": "11 NEW IN STOCK",
      "available": true,
      "count": 11
    },
    {
      "storeName": "MN - St. Louis Park",
      "storeId": "045",
      "price": "",
      "stockText": "20 NEW IN STOCK",
      "available": true,
      "count": 20
    },
    {
      "storeName": "MO - Brentwood",
      "storeId": "095",
      "price": "",
      "stockText": "5 NEW IN STOCK",
      "available": true,
      "count": 5
    },
    {
      "storeName": "NJ - North Jersey",
      "storeId": "075",
      "price": "",
      "stockText": "16 NEW IN STOCK",
      "available": true,
      "count": 16
    },
    {
      "storeName": "NY - Westbury",
      "storeId": "171",
      "price": "",
      "stockText": "Unknown",
      "available": false,
      "count": 0
    },
    {
      "storeName": "NY - Brooklyn",
      "storeId": "115",
      "price": "",
      "stockText": "10 NEW IN STOCK",
      "available": true,
      "count": 10
    },
    {
      "storeName": "NY - Flushing",
      "storeId": "145",
      "price": "",
      "stockText": "Unknown",
      "available": false,
      "count": 0
    },
    {
      "storeName": "NY - Yonkers",
      "storeId": "105",
      "price": "",
      "stockText": "Unknown",
      "available": false,
      "count": 0
    },
    {
      "storeName": "OH - Columbus",
      "storeId": "141",
      "price": "",
      "stockText": "8 NEW IN STOCK",
      "available": true,
      "count": 8
    },
    {
      "storeName": "OH - Mayfield Heights",
      "storeId": "051",
      "price": "",
      "stockText": "8 NEW IN STOCK",
      "available": true,
      "count": 8
    },
    {
      "storeName": "OH - Sharonville",
      "storeId": "071",
      "price": "",
      "stockText": "10 NEW IN STOCK",
      "available": true,
      "count": 10
    },
    {
      "storeName": "PA - St. Davids",
      "storeId": "061",
      "price": "",
      "stockText": "7 NEW IN STOCK",
      "available": true,
      "count": 7
    },
    {
      "storeName": "TX - Houston",
      "storeId": "155",
      "price": "",
      "stockText": "Unknown",
      "available": false,
      "count": 0
    },
    {
      "storeName": "TX - Dallas",
      "storeId": "131",
      "price": "",
      "stockText": "Unknown",
      "available": false,
      "count": 0
    },
    {
      "storeName": "VA - Fairfax",
      "storeId": "081",
      "price": "",
      "stockText": "Unknown",
      "available": false,
      "count": 0
    },
    {
      "storeName": "IN - Indianapolis",
      "storeId": "165",
      "price": "",
      "stockText": "8 NEW IN STOCK",
      "available": true,
      "count": 8
    },
    {
      "storeName": "NC - Charlotte",
      "storeId": "175",
      "price": "",
      "stockText": "Unknown",
      "available": false,
      "count": 0
    },
    {
      "storeName": "FL - Miami",
      "storeId": "185",
      "price": "",
      "stockText": "Unknown",
      "available": false,
      "count": 0
    },
    {
      "storeName": "CA - Santa Clara",
      "storeId": "195",
      "price": "",
      "stockText": "Unknown",
      "available": false,
      "count": 0
    },
    {
      "storeName": "TX - Austin",
      "storeId": "215",
      "price": "N/A",
      "stockText": "Unknown",
      "available": false,
      "count": 0
    },
    {
      "storeName": "Web Store",
      "storeId": "029",
      "price": "",
      "stockText": "Unknown",
      "available": false,
      "count": 0
    }
  ]
}